{
  "creative_details": {
    "product_name": "string",
    "tagline": "string",
    "brand_palette": ["string"],
    "dimensions": {
      "width": "integer",
      "height": "integer"
    },
    "cta_text": "string",
    "logo_url": "string",
    "product_image_url": "string"
  },
  "scoring_criteria": {
    "background_foreground_separation": "integer",
    "brand_guideline_adherence": "integer",
    "creativity_visual_appeal": "integer",
    "product_focus": "integer",
    "call_to_action": "integer"
  }
}
